post url,post title,post price,post location
https://newyork.craigslist.org/que/apa/d/flushing-br-1st-fl-private-house/7694980297.html,1 Br 1st Fl private house,"$2,999",Kew gardens hills
https://newyork.craigslist.org/brk/apa/d/brooklyn-bedrooms-bath-fully-renovated/7694980106.html,2 bedrooms 1 bath fully renovated Canarsie,"$2,200",Brooklyn Canarsie
https://newyork.craigslist.org/brk/apa/d/brooklyn-brand-new-luxury-bed-15-bath/7694979859.html,**BRAND NEW LUXURY 2 BED/ 1.5 BATH APT IN PLG**NO FEE**,"$2,999",Prospect Lefferts Gardens
https://newyork.craigslist.org/mnh/apa/d/new-york-very-sunny-1br-amazing-view/7694932738.html,Very Sunny 1BR W Amazing View from Top Floor,"$2,050",East Village
https://newyork.craigslist.org/brk/apa/d/brooklyn-stunning-luxury-bed-bath/7694979487.html,**STUNNING LUXURY 3 BED/ 2 BATH DUPLEX IN PLG**NO FEE**,"$4,125",Prospect Lefferts Gardens
https://newyork.craigslist.org/brk/apa/d/brooklyn-charming-bedroom-apt-for-rent/7694879001.html,Charming 2 bedroom Apt For Rent,"$3,000",Brooklyn
https://newyork.craigslist.org/mnh/apa/d/new-york-spacious-1b1b-apartment-at/7694834215.html,Spacious 1b1b apartment at Kips Bay w in bldg laundry& elevator,"$3,050",Kips Bay
https://newyork.craigslist.org/fct/apa/d/norwalk-house-rent-for-bedroom-and/7694811326.html,House rent for 2 bedroom and basement attached,"$3,600",Norwalk
https://newyork.craigslist.org/brk/apa/d/brooklyn-luxury-bed-bathroof/7694978398.html,LUXURY 3 BED 2 BATHüî•ROOF DECKüèôGYMüèãÔ∏è‚Äç‚ôÄÔ∏èELEVATORüõóLAUNDRYüß∫PA,"$3,900",BEDSTUY/BUSHWICKüìçüìç
https://newyork.craigslist.org/brk/apa/d/brooklyn-super-large-bed-in-prime/7694978283.html,üî•SUPER LARGE 2 BED IN PRIME BUSHWICK/L TRAINüöÇüìçüìç,"$2,750",BUSHWICKüìçüìçL TRAINüöÇ
https://newyork.craigslist.org/brk/apa/d/brooklyn-prospect-parkrenovated-bed/7694978137.html,PROSPECT PARKüå≥üòçRENOVATED 1 BED WITH LAUNDRYüß∫,"$2,450",PROSPECT LEFERTS GARDEN
https://newyork.craigslist.org/brk/apa/d/brooklyn-modern-bedroom-for-rent/7694977426.html,Modern 1 bedroom for rent. Elevator and in unit laundry,"$2,500",BUSHWICK @Halsey J
https://newyork.craigslist.org/que/apa/d/brooklyn-crown-heights-prospect-heights/7694977615.html,Crown heights /Prospect heights - 1 Bedroom with Office - 1.5 Bath,"$2,900",Crown heights / Prospect Heights
https://newyork.craigslist.org/brk/apa/d/brooklyn-bushwick-converted-mansion/7694976060.html,Bushwick Converted mansion - Beautiful 2 Bedroom - Laundry - Bike room,"$2,900",Bushwick
https://newyork.craigslist.org/que/apa/d/ridgewood-amazing-location-near-myrtle/7694974036.html,AMAZING LOCATION near Myrtle And Forest Avenue in Ridgewood.,"$3,600",Ridgewood
https://newyork.craigslist.org/mnh/apa/d/new-york-beautiful-1br-in-east-village/7694970762.html,Beautiful 1BR in East village!  No Fee.,"$2,995",East Village
https://newyork.craigslist.org/fct/apa/d/norwalk-bedrooms-apartment/7694970654.html,1 Bedrooms Apartment,"$1,750",Norwalk
https://newyork.craigslist.org/brk/apa/d/brooklyn-1br-dream-in-unit-d-high/7694968241.html,"‚≠êÔ∏è 1BR Dream - In-Unit W/D, High Ceilings, Stellar Crown Heights, No Fee!","$2,500",CROWNHEIGHTS
https://newyork.craigslist.org/brk/apa/d/brooklyn-prime-ridgewood-2bd-25ba/7694967998.html,"‚≠êÔ∏èPrime Ridgewood 2BD/2.5BA Duplex with Shared Backyard, No Fee!","$3,200",RIDGWOOD
https://newyork.craigslist.org/que/apa/d/east-elmhurst-renovated-one-bed-apt-new/7694968467.html,Renovated One Bed Apt - New Kitchen- Heat Included!,"$2,300",Upper Ditmars/Steinway
https://newyork.craigslist.org/brk/apa/d/brooklyn-bedstuy-luxury-super-bright-no/7694968485.html,"‚≠êÔ∏èBedStuy Luxury! Super Bright, No Fee, 3BD/2BA, Elevator, Gym & Roofdeck","$3,800",BEDSTUY
https://newyork.craigslist.org/brk/apa/d/brooklyn-bedroom-apartment-available-in/7694967185.html,1 Bedroom Apartment Available in Sunset Park,"$1,600",Sunset Park
https://newyork.craigslist.org/brk/apa/d/brooklyn-bedroom-apartment-available-in/7694966815.html,2 Bedroom Apartment Available in Sunset Park,"$1,900",Sunset Park
https://newyork.craigslist.org/brk/apa/d/brooklyn-williamsburg-large-bedroom/7694965806.html,Williamsburg - Large 1 Bedroom - Elevator - Heat/Water included,"$2,750",Williamsburg
https://newyork.craigslist.org/brk/apa/d/brooklyn-large-loft-bright-windows/7694965517.html,_____________LARGE LOFT w Bright Windows & Exposed Brick_____________,"$3,400",WILLIAMSBURG right @ L train MORGAN STOP____________________
https://newyork.craigslist.org/brk/apa/d/brooklyn-cosy-studio-available-during/7694965098.html,Cosy studio available during holidays across Prospect Park,$750,Brooklyn PLG
https://newyork.craigslist.org/brk/apa/d/brooklyn-huge-livingrom-full-bath/7694964376.html,__HUGE LivingRom 2 Full Bath - Elevator - Gym - Laundry InApt - Roof__,"$3,800",WILLIAMSBURG right @ M L J Trains___________________________
https://newyork.craigslist.org/que/apa/d/east-elmhurst-furnished-with-wd-and/7694963999.html,Furnished with W&D and parking,"$3,000",East Elmhurst
https://newyork.craigslist.org/que/apa/d/astoria-30th-avenue-rental-newly/7694962414.html,30th Avenue Rental / Newly Renovated / Hardwood Floors / 2 blocks from,"$2,400",Astoria
https://newyork.craigslist.org/mnh/apa/d/new-york-large-1br-2ba-rental-off-wall/7694962979.html,X-LARGE 1BR/2BA Rental Off Wall Street,"$7,695",Financial District
https://newyork.craigslist.org/brk/apa/d/brooklyn-br-office-prime-bedstuy/7694962870.html,2 BR + OFFICE | ‚ù§Ô∏è‚Äçüî• PRIME BEDSTUY ‚ù§Ô∏è‚Äçüî•,"$3,500",G at Myrtle-Willoughby
https://newyork.craigslist.org/brk/apa/d/brooklyn-airy-1br-in-bushwick/7694961608.html,AIRY 1BR IN BUSHWICK ‚ú®‚ú®,"$2,500",J Z @ GATES AVE
https://newyork.craigslist.org/que/apa/d/brooklyn-br-in-prime-bedstuy/7694962123.html,üíó 1 BR in PRIME BEDSTUY üíó,"$2,700",G at Myrtle-Willoughby
https://newyork.craigslist.org/brk/apa/d/brooklyn-br-balconies-jan-move-in-prime/7694961896.html,2 BR + Balconies ü©µ JAN 1 MOVE IN | PRIME BUSHWICK,"$2,900",Brooklyn
https://newyork.craigslist.org/brk/apa/d/brooklyn-br-2ba-must-see-bushwick-train/7694961801.html,üî• 3 BR/2BA | MUST SEE | Bushwick L train,"$2,900",Bushwick
https://newyork.craigslist.org/brk/apa/d/brooklyn-rent-stabilized-bed-with/7694961814.html,Rent Stabilized (!) 1 Bed with Amenities by Grand L train,"$3,788",Williamsburg
https://newyork.craigslist.org/brk/apa/d/brooklyn-2br-2ba-private-yard-laundry/7694961705.html,üå∂Ô∏è2BR-2BA + PRIVATE YARD +  LAUNDRY IN UNIT,"$3,500",PRIME BUSHWICK/L @ DEKALB AVE
https://newyork.craigslist.org/wch/apa/d/yonkers-newley-renovated-bedroom/7694959669.html,Newley Renovated 3 Bedroom Apartment,"$2,700",Yonkers
https://newyork.craigslist.org/brk/apa/d/spacious-clean-bed-bath-by-5-trains/7694956472.html,Spacious / Clean (3 bed + 2 bath) By 2/5 Trains @ Newkirk Ave üöä ‚≠êÔ∏è,"$3,300",Flatbush / Flatlands / Prospect Park South / Canarsie
https://newyork.craigslist.org/que/apa/d/ozone-park-great-for-roommates-bed/7694955494.html,"Great for Roommates (2 Bed) Utilities Included, Close to JFK / A Train","$2,300",Ozone Park / Howard Beach / Woodhaven / East NY
https://newyork.craigslist.org/brk/apa/d/brooklyn-lease-takeover-2br-bushwick/7694954644.html,Lease Takeover 2br Bushwick available Jan 1 - pet friendly; rooftop & backyard,"$2,750","Bushwick, Brooklyn"
https://newyork.craigslist.org/brk/apa/d/sunny-and-spacious-2br-1ba-just-block/7694954690.html,Sunny and Spacious 2BR/1BA just a block from Fort GREENE PARK!,"$3,300",FORT Greene
https://newyork.craigslist.org/mnh/apa/d/new-york-best-price-highest-floor-bd-no/7694953784.html,"Best price highest floor 2 bd! No Fee, Over Size Windows, wash/dry, De","$9,000",Financial District
https://newyork.craigslist.org/brk/apa/d/brooklyn-massive-bedroom-apt-stretch-on/7694953663.html,Massive 3 Bedroom Apt Stretch on a Full Floor with Private Backyard,"$3,150","1176 Halsey Street, Bushwick NY"
https://newyork.craigslist.org/brx/apa/d/bronx-brand-new-large-studio-hasa/7694953158.html,BRAND NEW -  LARGE STUDIO- HASA WELCOME,"$2,200",Bronx
https://newyork.craigslist.org/brx/apa/d/bronx-brand-new-studio-apartment-hasa/7694952948.html,Brand new studio Apartment. -HASA welcome,"$2,200",Bronx
https://newyork.craigslist.org/mnh/apa/d/new-york-remarkable-condo-finishestop/7694951995.html,REMARKABLE CONDO FINISHES=TOP FLOOR=NEW CONSTRUCTION=CITY VIEW,"$4,950",Financial District
https://newyork.craigslist.org/mnh/apa/d/new-york-top-floorhigh-ceilingsamazing/7694951412.html,TOP FLOOR=HIGH CEILINGS=AMAZING CITY VIEWS=LARGE CLOSETS=OPEN SPACE,"$3,200",Financial District
https://newyork.craigslist.org/mnh/apa/d/new-york-completely-renovated-condo/7694951096.html,COMPLETELY RENOVATED-CONDO FINISHES-TOP FLOOR-OPEN KITCHEN-CLOSETS,"$5,500",TriBeCa
https://newyork.craigslist.org/mnh/apa/d/new-york-very-low-security-depositno/7694950124.html,"Very Low security deposit*No Fee, Above the stars high floor*Surreal v","$14,995",Financial District
https://newyork.craigslist.org/brk/apa/d/brooklyn-charming-bedroom-on-very-quiet/7694949271.html,Charming 1 Bedroom on very Quiet Residential Block,"$1,900",East Flatbush
https://newyork.craigslist.org/que/apa/d/bayside-br-near-bayside/7694948569.html,"2 BR near BAYSIDE LIRR,RENOVATEDkit/StainlessStoveWOODfl,YARD,AbsentLL","$2,100","Bayside near BAYSIDE LIRR, Douglaston and Little Neck"
https://newyork.craigslist.org/que/apa/d/rosedale-1br-rosedale-queens/7694945716.html,1br rosedale queens,"$1,800",Rosedale queens
https://newyork.craigslist.org/brk/apa/d/brooklyn-cozy-first-floor-studio-in-pre/7694945802.html,Cozy first floor studio in a pre war  rent stable building,"$1,575",Bay Ridge
https://newyork.craigslist.org/mnh/apa/d/new-york-charming-1br-in-east-village/7694944500.html,Charming 1BR in East Village,"$2,900",East Village
https://newyork.craigslist.org/brk/apa/d/brooklyn-friggin-steal-bed-bath-in/7694944061.html,üî•A FRIGGIN STEALüî• 1 bed/1 bath in Bedstuy ‚òÄÔ∏è Lots of Windows!!!,"$2,400",Brooklyn
https://newyork.craigslist.org/brk/apa/d/brooklyn-the-most-ideal-bed-king-sized/7694943911.html,The most IDEAL 1 BED üòç KING SIZED BEDROOM + W/D in unit! ‚ö°Ô∏è,"$2,900",Brooklyn
https://newyork.craigslist.org/brk/apa/d/brooklyn-bushwick-bed-with-tons-of/7694943752.html,Bushwick 3 bed with TONS of Natural Light ‚òÄÔ∏è,"$3,200",Brooklyn
https://newyork.craigslist.org/brk/apa/d/brooklyn-bed-backyard-bushwick-bedstuy/7694943618.html,2 BED + BACKYARD üå≥üò≠üî• BUSHWICK/BEDSTUY BORDER üöä,"$2,700",Brooklyn
https://newyork.craigslist.org/brk/apa/d/brooklyn-bed-oasis-private-backyard/7694943208.html,1 bed oasis w/private backyard üå≥‚ö°Ô∏è,"$2,450",Brooklyn
https://newyork.craigslist.org/brk/apa/d/brooklyn-deal-spacious-crown-heights/7694943051.html,üî•A DEALüî• SPACIOUS CROWN HEIGHTS 3 BED + W/D üî•,"$3,000",Brooklyn
https://newyork.craigslist.org/brk/apa/d/brooklyn-plg-deal-bed-bath-brand-new/7694942875.html,PLG DEAL üî•üî• 3 bed/1 Bath BRAND NEW RENOVATION! ‚ö°Ô∏è,"$3,600",Brooklyn
https://newyork.craigslist.org/brk/apa/d/brooklyn-crown-heights-luxurious-bed/7694942780.html,CROWN HEIGHTS LUXURIOUS 1 BED w Large bedroom! üî•,"$2,400",Brooklyn
https://newyork.craigslist.org/brk/apa/d/brooklyn-epic-deal-spacious-bed-near/7694942680.html,EPIC DEAL! SPACIOUS 2 Bed NEAR THE L TRAIN üöä,"$3,000",Brooklyn
https://newyork.craigslist.org/brk/apa/d/brooklyn-plg-flatbush-bed-massive/7694942568.html,üå≤PLG/FLATBUSHüå≤ 1 bed + MASSIVE closet üëï TONS of Sunlight!,"$2,495",Brooklyn
https://newyork.craigslist.org/brk/apa/d/new-york-williamsburg-south-st-berry/7694942263.html,Williamsburg South 1 st (Berry and Wythe) Brownstone,"$4,200",Williamsburg
https://newyork.craigslist.org/brk/apa/d/new-york-williamsburg-brownstone-stop/7694942075.html,Williamsburg Brownstone 1 stop Manh on LMJ train,"$4,200",Williamsburg
https://newyork.craigslist.org/wch/apa/d/elmsford-oh-my-what-gorgeous-place-see/7694939064.html,"Oh my! What a gorgeous place! See this 2 bed, 2 bath for yourself!","$3,434",Elmsford
https://newyork.craigslist.org/mnh/apa/d/new-york-gorgeous-apartment-in-east/7694937228.html,Gorgeous apartment in East Harlem for $2150!,"$2,150",East Harlem
https://newyork.craigslist.org/mnh/apa/d/new-york-huge-renovated-3br-apt-with-d/7694936334.html,HUGE RENOVATED 3BR APT WITH W/D INSIDE! KING-SIZED ROOMS! AL RENOVATED,"$2,995",Inwood / Wash Hts
https://newyork.craigslist.org/brk/apa/d/brooklyn-newly-renovated-apartment-on/7694936351.html,"Newly Renovated Apartment on Malcom X, 2 Bath, Washer + Dryer","$4,105",Bedstuy
https://newyork.craigslist.org/brk/apa/d/brooklyn-windsor-terracetop-floor/7694936352.html,"WINDSOR TERRACE.TOP FLOOR CHARMER !2BR+DOUBLE DEN.HALF MONTH FEE,TOWNH","$2,995","WINDSOR TERRACE, BROOKLYN"
https://newyork.craigslist.org/brk/apa/d/brooklyn-park-slope-gowanus-cozy-15-br/7694935410.html,"Park Slope/ Gowanus  Cozy 1.5 BR  $2,250","$2,250",4th Ave Douglass St
https://newyork.craigslist.org/brk/apa/d/brooklyn-junior-bedroom-by-owner/7694933614.html,Junior 2 Bedroom by Owner,"$1,500",Old Mill Basin
https://newyork.craigslist.org/brk/apa/d/brooklyn-green-point-asap-move-in-huge/7694929093.html,‚ú®Green Point Asap move in Huge 5 bed 2 bath apt in GreenPoint‚ú®,"$5,400",Green Point
https://newyork.craigslist.org/brk/apa/d/brooklyn-great-location-bed-bath-apt-on/7694928925.html,‚ú®Great location 3 bed 1 bath apt on Wyckoff‚ú®,"$2,999",Bushwick
https://newyork.craigslist.org/mnh/apa/d/huge-studio-in-hudson-heights-elevator/7694928022.html,Huge Studio in Hudson Heights / Elevator / New Bathroom / No Fee,"$1,750",Inwood / Wash Hts
https://newyork.craigslist.org/brk/apa/d/brooklyn-stunning-bed-bath-apt-in/7694927981.html,ü§©Stunning 3 bed 1 bath apt in Bushwick ‚ú®,"$3,200",Bushwick
https://newyork.craigslist.org/brx/apa/d/bronx-huge-2br-bath-clinton-avenue/7694927923.html,HUGE 2BR / 2 BATH!!!!!! Clinton Avenue - Elevator / No Fee,"$2,250",Clinton Ave / East Tremont Area
https://newyork.craigslist.org/fct/apa/d/stamford-fully-renovated-and-ready-for/7694928777.html,Fully renovated and ready for you! Come see it today!,"$1,555",Stamford
https://newyork.craigslist.org/que/apa/d/ridgewood-first-floor-bedroom-apartment/7694927416.html,First Floor 3 Bedroom Apartment,"$3,700",Ridgewood
https://newyork.craigslist.org/brk/apa/d/brooklyn-spacious-bed-plus-office-bath/7694927751.html,üî•Spacious 2 bed plus office  2 bath apt in Bushwick near the L train,"$2,900",Bushwick
https://newyork.craigslist.org/brx/apa/d/bronx-morris-avenue-studio-apt-no-fee/7694927720.html,Morris Avenue - Studio Apt - No Fee!  Elevator Building,"$1,295",Morris Ave Fordham Rd Area
https://newyork.craigslist.org/brx/apa/d/mosholu-large-1br-elevator-no-fee/7694927513.html,Mosholu *Large 1BR*  Elevator / No Fee *Modern Kitchen,"$1,695",Mosholu
https://newyork.craigslist.org/que/apa/d/jackson-heights-huge-studio-elevator-no/7694927393.html,Jackson Heights *HUGE STUDIO!  Elevator / No Fee,"$1,850",Jackson Heights
https://newyork.craigslist.org/mnh/apa/d/new-york-washington-heights-large-1br/7694927279.html,Washington Heights - Large 1BR -  Modern Kitchen_No Fee,"$1,800",Inwood / Wash Hts
https://newyork.craigslist.org/mnh/apa/d/new-york-3br-bowery-2nd-st-by-owner-no/7694925754.html,"3BR Bowery & 2nd St, By Owner, No Fee","$5,400",Nolita / Bowery
https://newyork.craigslist.org/wch/apa/d/yonkers-apartment-for-rent/7694925359.html,APARTMENT FOR RENT,$1,Yonkers
https://newyork.craigslist.org/mnh/apa/d/new-york-renovated-2bed-1bath-apt-i/7694924650.html,"@ Renovated 2bed/1bath Apt w/i ""Heat/ Rooftop Terrace/ Laundry"" @","$3,600",Midtown East
https://newyork.craigslist.org/brx/apa/d/bronx-no-fee-renovated-large-bedroom/7694922312.html,"NO FEE,  RENOVATED 2 LARGE BEDROOM,  EXPRESS #6 SUBWAY","$2,200",Parkchester
https://newyork.craigslist.org/brk/apa/d/brooklyn-flatlands-2br-2bath-duplex-all/7694918570.html,FLATLANDS 2BR - 2BATH DUPLEX ALL UTILITIES ONLY $2500,"$2,500",Brooklyn
https://newyork.craigslist.org/brk/apa/d/brooklyn-rooms-rent-flatbush-ave-steps/7694916949.html,ROOMS 4 RENT! FLATBUSH & AVE O STEPS TO KINGS PLAZA AVAILABE ASAP!,"$1,200",OLD MILL BASIN
https://newyork.craigslist.org/brk/apa/d/brooklyn-3br-15-bath-balcony-everything/7694917333.html,3BR 1.5 BATH - BALCONY - EVERYTHING INCLUDED! AVAIL-ASAP!,"$2,600",EAST FLATBUSH
https://newyork.craigslist.org/brk/apa/d/brooklyn-2br-walk-in-basement/7694917188.html,2BR WALK-IN BASEMENT. EVERYTHING INCL.. CHURCH & E 48 AVAILABLE ASAP!,"$2,200",EAST FLATBUSH
https://newyork.craigslist.org/brk/apa/d/brooklyn-amazing-deal-on-renovated-bed/7694915624.html,Amazing deal on a renovated 1 bed in prime Williamsburg!,"$2,750",brooklyn
https://newyork.craigslist.org/brk/apa/d/brooklyn-furnished-private-room-for/7694914236.html,Furnished Private Room For Rent - All Utilities included-No broker fee,"$1,100",Greenpoint
https://newyork.craigslist.org/brk/apa/d/brooklyn-beautiful-bd-15-bth-duplex-in/7694913954.html,"BEAUTIFUL 1 BD 1.5 BTH DUPLEX IN CROWN HEIGHTS!! BIG BASEMENT, NO FEE!","$3,000",Crown Heights
https://newyork.craigslist.org/brk/apa/d/brooklyn-stylish-bed-bath-in-bushwick/7694913825.html,"STYLISH 1 BED 1 BATH IN BUSHWICK!! PRIVATE PATIO, BLUETOOTH, NO FEE!","$2,600",Bushwick
https://newyork.craigslist.org/brk/apa/d/brooklyn-charming-bed-bath-in-bushwick/7694914077.html,"CHARMING 2 BED 1 BATH IN BUSHWICK!! SPACIOUS WOOD FINISHED, NO FEE!!","$3,000",Bushwick
https://newyork.craigslist.org/que/apa/d/forest-hills-centrally-located-br-ba-in/7694913160.html,Centrally Located 1 BR 1 BA in Forest Hills,"$2,275",queens
https://newyork.craigslist.org/brk/apa/d/brooklyn-bedroom-washer-dryer/7694912099.html,"2 Bedroom W/ Washer/Dryer, Dishwasher, Granite Countertops","$2,700",Park Slope
https://newyork.craigslist.org/mnh/roo/d/new-york-producer-offering-housing-to/7690259225.html,Producer offering Housing to Onlyfans females,$150,Upper West Side
https://newyork.craigslist.org/mnh/apa/d/new-york-private-room-for-rent/7694904897.html,Private room for rent,"$3,200",Upper East Side
https://newyork.craigslist.org/brk/apa/d/brooklyn-urban-delightcharming-duplex/7694899656.html,URBAN DELIGHTüî•CHARMING DUPLEXüòç,"$3,000",CROWN HEIGHTS üìçüìçüî•üî•
https://newyork.craigslist.org/que/apa/d/brooklyn-luxurygymelevatorroof/7694899089.html,LUXURYüî•GYMüèãÔ∏è‚Äç‚ôÄÔ∏èELEVATORüõóROOF DECKüèôPARKINGüöó,"$2,600",BEDFORD STUYVESANT/BUSHWICK
https://newyork.craigslist.org/mnh/apa/d/new-york-dorm-style-flat-pvt-entrance/7694894919.html,Dorm Style Flat PVT Entrance PVT Room CUNY 15min Columbia Univ 20mins,$500,Upper West Side
https://newyork.craigslist.org/mnh/apa/d/new-york-strivers-row-studio-apt/7694894715.html,Strivers Row Studio Apt Columbia 20mins CUNY 10mins,"$1,900",Upper West Side
https://newyork.craigslist.org/brx/apa/d/new-york-3000-mo-central-prk-studio/7694889311.html,"$3,000/mo central prk studio","$3,000",New York
https://newyork.craigslist.org/brk/apa/d/brooklyn-bushwick-bedroom-near-train/7694878112.html,Bushwick 2 Bedroom Near L Train,"$2,700",Bushwick
https://newyork.craigslist.org/brk/apa/d/brooklyn-east-williamsburg-renovated/7694872706.html,East Williamsburg Renovated Corner 2 Bedroom Loft,"$5,000",Williamsburg
https://newyork.craigslist.org/brk/apa/d/brooklyn-renovated-bushwick-bedroom-bath/7694872649.html,Renovated Bushwick 3 Bedroom 1 Bath,"$2,850",Bushwick
https://newyork.craigslist.org/brk/apa/d/brooklyn-williamsburg-bed-25-bath/7694870685.html,Williamsburg 2 Bed 2.5 Bath Duplex Finished Basement Private Backyard,"$3,800",Williamsburg
https://newyork.craigslist.org/brk/apa/d/brooklyn-super-dealwiliamsburg-1ba-br/7694861302.html,SUPER DEAL!!!‚ÄôWILIAMSBURG!!!!!! 1BA 1 BR,"$3,000",Williamsburg
https://newyork.craigslist.org/brk/apa/d/brooklyn-fort-greene-brand-new/7694859430.html,FORT GREENE Brand New Buildingüí•ASAP MOVE INüî•MUST SEEüí•NO FEE,"$2,735","Fort Greene @ F,A,C,R,G, Subway Lines"
https://newyork.craigslist.org/brk/apa/d/brooklyn-huge-duplex-double-height/7694857829.html,üí•Huge Duplex Double Height Ceiling üí•Private Deck,"$4,000","Bedford Stuyvesant @ J,M,Z, Subway Lines"
https://newyork.craigslist.org/brk/apa/d/brooklyn-williamsburg-bed-bath-in-unit-d/7694856945.html,Williamsburg 1 bed /1 bath w/ in-unit W/D,"$4,100",williamsburg
https://newyork.craigslist.org/mnh/apa/d/new-york-bed-bath-downtown-manhattan/7694855308.html,1 bed/1 bath downtown manhattan,"$3,750",Downtown
https://newyork.craigslist.org/mnh/apa/d/brooklyn-luxe-bed-bath-in-fidi-amenity/7694854784.html,Luxe 1 bed/1 bath in FiDi Amenity Building,"$3,950",Downtown
https://newyork.craigslist.org/brk/apa/d/brooklyn-no-fee-bed-factory-conversion/7694854619.html,"No Fee, 1 bed, Factory Conversion, Great Amenities, G Train","$2,750",Bed-Stuy
https://newyork.craigslist.org/que/apa/d/little-neck-douglaston-one-bedroom/7694854219.html,Douglaston One Bedroom,"$1,900",Douglaston
https://newyork.craigslist.org/que/apa/d/oakland-gardens-bayside-bedrooms/7694853377.html,Bayside 3 Bedrooms,"$2,200",Orkland Garden
https://newyork.craigslist.org/brk/apa/d/brooklyn-brownstone-new-renovated/7694852778.html,Brownstone New Renovated StudioüîπÔ∏èCentral Units üîπÔ∏èNO Fee!,"$2,150","Bedford Stuyvesant @ A,C,G,  Subway Lines"
https://newyork.craigslist.org/brx/apa/d/englewood-beautiful-large-brs-apt/7694852720.html,BEAUTIFUL LARGE 3 Br‚Äôs apt,"$2,350",Yonkers
https://newyork.craigslist.org/jsy/apa/d/jersey-city-br-bedroom-apartment-2nd/7694847575.html,"$2,000 / 2br - 2 bedroom apartment. 2nd floor Avail Feb 1. $2000","$2,000",Jersey City
https://newyork.craigslist.org/que/apa/d/east-elmhurst-rento-apto-de/7694846412.html,RENTO apto de 3 habitaciones  en  east elmhurst,"$3,300",East Elmhurst
https://newyork.craigslist.org/brk/apa/d/brooklyn-cute-2bed-2bath-officeshared/7694845512.html,Cute 2Bed/2Bath w/Office+Shared Backyard,"$3,600",Bushwick
https://newyork.craigslist.org/brk/apa/d/brooklyn-newly-renovated-bed-in-private/7694842370.html,Newly renovated 3 bed in private home// washer/ dryer in unit,"$3,400",Bedstuy
https://newyork.craigslist.org/que/apa/d/ridgewood-massive-bed-bathridgewood/7694841741.html,Massive 4 bed 2 bath....Ridgewood..,"$3,600",ridgewood
https://newyork.craigslist.org/brk/apa/d/brooklyn-newly-renovated-1br-can-be/7694841216.html,"Newly renovated 1br (can be converted ro 2br), Well lit, W/D in unit, Dishwasher","$2,800",Brooklyn
https://newyork.craigslist.org/que/apa/d/maspeth-newly-renovated-bed-w-in-unit/7694840189.html,Newly renovated 1 bed w/ w/d in unit -- stabilized lease,"$2,450",Maspeth Grand Ave
https://newyork.craigslist.org/mnh/apa/d/new-york-very-low-security-depositno/7694840096.html,"Very Low security deposit*No Fee, Above the stars high floor*Surreal v","$14,995",Financial District
https://newyork.craigslist.org/que/apa/d/ridgewood-bed-bath-over-1000-sqft-tons/7694839588.html,2 bed 2 bath over 1000 sqft! Tons of natural light,"$3,000",Ridgewood freshpond/Madison
https://newyork.craigslist.org/mnh/apa/d/new-york-it-takes-to-flex-room-this/7694839354.html,It Takes 2 To Flex A Room This Right ! Great Share !,"$2,600",Financial District
https://newyork.craigslist.org/brk/apa/d/brooklyn-two-seperated-bedrmliving/7694838985.html,Two Seperated BedRm+Living Rm+kitchen convenient transportation,"$1,800","Midwood, Brooklyn College"
https://newyork.craigslist.org/brk/apa/d/brooklyn-renewvated-bedrm/7694838871.html,Renewvated 1 BedRm,"$1,550","Midwood, Brooklyn College"
https://newyork.craigslist.org/brk/apa/d/brooklyn-1000-sqft-bed-bath-duplex-with/7694838598.html,1000+ sqft 2 bed 2 bath duplex with private yard and storage,"$3,900",Bushwick
https://newyork.craigslist.org/que/apa/d/forest-hills-bedroom-apt-for-rent/7694836792.html,1  bedroom apt for rent,"$1,300",forest hills
https://newyork.craigslist.org/mnh/apa/d/new-york-awesome-best-deal-on-ues-dm/7694836959.html,‚ÄúAWESOME‚Äù BEST DEAL ON UES-DM/ELEV/LNDRY-SS KIT-DW-PRETTY OPEN VIEW-AC,"$4,300",Upper East Side
https://newyork.craigslist.org/brk/apa/d/brooklyn-amazing-triplex-unitwasher/7694835811.html,Amazing Triplex UnitüîπÔ∏èWasher DryerüîπÔ∏è Spacious Bedrooms üîπÔ∏è NO Fee,"$4,200","Williamsburg @ L,G, Subway Lines"
https://newyork.craigslist.org/mnh/apa/d/new-york-lets-talk-about-flex-baby/7694833885.html,Let's Talk About FLEX Baby ! Amazing Space !,"$2,650",Financial District
https://newyork.craigslist.org/mnh/apa/d/new-york-stunning-views-amazing/7694832498.html,STUNNING VIEWS -- AMAZING AMENITIES -- CONDO FINISHES,"$2,900",Financial District
https://newyork.craigslist.org/que/apa/d/astoria-reduced-fee-bedroom-apt/7694831638.html,"Reduced Fee 1 bedroom apt available now, luxury unit","$3,000",Astoria
https://newyork.craigslist.org/brk/apa/d/brooklyn-true-bedroom-bushwick/7694831677.html,True 2 Bedroom - Bushwick - Available Now!,"$2,650","Bushwick, Brooklyn"
https://newyork.craigslist.org/lgi/apa/d/garden-city-no-fee-studio-apartment/7694831094.html,No Fee *Studio Apartment* Kitchen_Bath_Laundry_LIRR,"$2,490",Port Washington
https://newyork.craigslist.org/brk/apa/d/newly-renovatedspacious2/7694825963.html,_Newly renovated_Spacious_2 BedroomBrownstone Near express Trains,"$3,299",Clinton hill/ Prospect Heights/ Bed Stuy/ Crown Heights
https://newyork.craigslist.org/brk/apa/d/brooklyn-amazingnewly/7694825780.html,Amazing_Newly renovated_Spacious_king Size 2BR_Near Prospect Park,"$2,999",Prospect Heights/ Crown Heights/ Lefferts Garden/Park slope
https://newyork.craigslist.org/mnh/apa/d/new-york-ehv-voucher-approved-voucher/7694823747.html,EHV Voucher Approved Voucher Lincoln Square 1/2/3 Train,"$3,731",Upper West Side
https://newyork.craigslist.org/brk/apa/d/brooklyn-sun-filled-15-bedroom-of/7694820427.html,Sun filled 1.5 bedroom of a Historical 4 -story Brownstone  Jan 1st,"$2,900",Clinton Hill/Bedstuy
https://newyork.craigslist.org/que/apa/d/brooklyn-beautiful-1st-floor-bedroom/7694816037.html,*** Beautiful 1st Floor 1 Bedroom Apartment **********,"$2,100",Canarsie
https://newyork.craigslist.org/mnh/apa/d/new-york-bedroom-central-harlem-lease/7694812822.html,"1 bedroom Central Harlem lease takeover Jan 1, 2024","$2,495",Harlem / Morningside
https://newyork.craigslist.org/que/apa/d/far-rockaway-fully-secured-and-safest/7694805220.html,Fully Secured and Safest in Far Rockaway,$799,Far Rockaway Blvd
https://newyork.craigslist.org/que/apa/d/ozone-park-great-for-roommates-bed/7694803928.html,"Great for Roommates (2 Bed) Utilities Included, Close to JFK / A Train","$2,275",Ozone Park / Howard Beach / Woodhaven / East NY
https://newyork.craigslist.org/que/apa/d/ozone-park-cmodo-habitaciones-todo/7694803474.html,"C√≥modo (2 Habitaciones) Todo Incluido, Cerca de JFK / Tren A","$2,275",Ozone Park / Howard Beach / Woodhaven / East NY
https://newyork.craigslist.org/que/apa/d/ozone-park-cozy-room-rent-utilities/7694803292.html,"Cozy ROOM 4 Rent, Utilities Included, Close to JFK, Q11 Bus / A Train","$1,250",Ozone Park / Howard Beach / Woodhaven / Crossbay
https://newyork.craigslist.org/brk/apa/d/brooklyn-avail-xmas-nye-bedroom-apt-in/7694800947.html,Avail Xmas +NYE: 1 bedroom Apt in Williamsburg,$220,Williamsburg
https://newyork.craigslist.org/brk/apa/d/renovated-bed-basement-in-ditmas-park/7694799039.html,üî•üî•üî•RENOVATED 3 BED BASEMENT IN DITMAS PARK!! LAUNDRY!!,"$2,650",Ditmas Park
https://newyork.craigslist.org/mnh/apa/d/new-york-live-the-vill-dream-charmng/7694798341.html,"""LIVE"" THE W VILL DREAM-CHARMNG SPACIOUS STUDIO-ZEN GARDEN-W/D-WBFP-DW","$4,200",East Village
https://newyork.craigslist.org/brk/apa/d/brooklyn-no-fee-brand-new-beautiful/7694797663.html,NO FEE Brand New Beautiful Prospect Heights Luxury 3 Bed MONTH FREE,"$6,540",Prospect Heights
https://newyork.craigslist.org/brk/apa/d/brooklyn-prime-carroll-gardens-bedroom/7694797172.html,Prime Carroll Gardens 2 Bedroom W/ Hardwood Floors,"$3,150",Carroll Gardens
https://newyork.craigslist.org/brk/apa/d/gorgeous-bed-laundry-available-in-ocean/7694795777.html,Gorgeous 1 Bed w/ Laundry available in Ocean Hill!,"$2,400","Ocean Hill / Bushwick border, short walk from A, C, J, Z & L"
https://newyork.craigslist.org/brk/apa/d/gorgeous-bed-available-in-ocean-hill/7694795440.html,Gorgeous 2 Bed available in Ocean Hill!,"$2,599","Ocean Hill / Bushwick border, short walk from A, C, J, Z & L"
https://newyork.craigslist.org/brk/apa/d/brooklyn-gorgeous-bed-gym-laundry-bike/7694795242.html,"Gorgeous 1 Bed w/ Gym, Laundry, Bike Room, Game Room, & Roof Deck!","$2,499","Ridgewood, walking distance from the L & M train lines."
https://newyork.craigslist.org/brk/apa/d/bed-25-bath-duplex-private-deck-in-unit/7694795007.html,5 Bed 2.5 Bath Duplex w/ PRIVATE Deck & in-unit Washer + Dryer!,"$4,799","Bushwick, short walk from Kosciusko St. J train."
https://newyork.craigslist.org/brk/apa/d/brooklyn-gorgeous-bed-in-unit-laundry/7694794867.html,Gorgeous 4 Bed w/ in-unit laundry available in Bushwick!,"$2,995","Bushwick, short walk from the Wilson L train line."
https://newyork.craigslist.org/mnh/apa/d/new-york-sparkling-spacious-3br-lndry/7694794576.html,‚ÄúSPARKLING‚Äù SPACIOUS 3BR-LNDRY-LRG LIV RM-SEP SS KI-DW-CLOS SPA-SUN-AC,"$5,250",Gramercy
https://newyork.craigslist.org/brk/apa/d/brooklyn-no-fee-unreal-massive-brand/7694794467.html,NO FEE Unreal Massive Brand New Waterfront Williamsburg Lofts 1&2 Beds,"$6,900",Williamsburg
https://newyork.craigslist.org/mnh/apa/d/new-york-comforts-of-home-gigantic-3br/7694794428.html,"""COMFORTS OF HOME‚Äù (GIGANTIC) 3BR/2BA-COMF SIZ LIV RM-2 DECOR FP-SS-DW","$6,350",Flatiron
https://newyork.craigslist.org/fct/apa/d/bridgeport-spacious-bedroom-apartment/7694794006.html,Spacious 2 BEDROOM APARTMENT-Available Immediately,"$1,650",1175 North Avenue
https://newyork.craigslist.org/mnh/apa/d/new-york-amazing-humongous-1br-dm-elev/7694793719.html,‚ÄúAMAZING‚Äù HUMONGOUS 1BR-DM/ELEV/LNDRY/LIVIN SUPER-GIGANTC LIV RM-DW-AC,"$3,350",Midtown East
https://newyork.craigslist.org/brk/apa/d/brooklyn-no-fee-massive-newly-renovated/7694793675.html,NO FEE Massive Newly Renovated Waterfront Williamsburg Loft 1 Bed,"$4,525",Williamsburg
https://newyork.craigslist.org/mnh/apa/d/no-fee-ultimate/7694793264.html,"NO FEE! ‚ÄúULTIMATE APT!""ASTONISHING(SPACIOUS)LOFTLIKE 3BR-WD-EXP BRK-AC","$6,750",SoHo
https://newyork.craigslist.org/mnh/apa/d/new-york-spectacular-large2br-2ba-big/7694793017.html,"‚ÄúSPECTACULAR‚Äù (LARGE)2BR/2BA ""BIG"" LIV RM/DINING AREA-SEP SS KIT-DW-AC","$6,750",Upper East Side
https://newyork.craigslist.org/fct/apa/d/stamford-discountedlarge/7694791520.html,"DISCOUNTED*LARGE 2BR,2Bth$2775,Hardwd,W/D,Terr,Bedford St.","$2,775",Stamford
https://newyork.craigslist.org/mnh/apa/d/new-york-gorgeous-lrg-alcov-studio-dm/7694790461.html,‚ÄúGORGEOUS‚Äù LRG ALCOV STUDIO-DM/ELEV/LNDRY-SPACIOUS LIV RM-VIEWS-DW-CAC,"$3,150",Midtown West
https://newyork.craigslist.org/brk/apa/d/brooklyn-bright-and-airy-charming/7694789730.html,"Bright and airy, charming Studio in Cobble Hill","$2,700",Cobble Hill
https://newyork.craigslist.org/que/apa/d/sunnyside-49th-street-and-skillman-ave/7694789857.html,49TH STREET AND SKILLMAN AVE TWO BEDROOMS NEAR #7 TRAIN,"$2,200",SUNNYSIDE
https://newyork.craigslist.org/brk/swp/d/brooklyn-seeking-live-in-girlfriend/7694788446.html,Seeking live in girlfriend,$0,brooklyn
https://newyork.craigslist.org/que/apa/d/sunnyside-40th-street-and-43rd-ave-one/7694787489.html,40TH STREET AND 43RD AVE ONE BEDROOM NEAR #7 TRAIN,"$1,790",SUNNYSIDE
https://newyork.craigslist.org/brk/apa/d/brooklyn-stunning-2bed-1bathno-fee/7694786031.html,"üåüStunning 2Bed-1Bathüå≥No Fee, Laundry In Unit, Ready Now!","$2,700",Brooklyn
https://newyork.craigslist.org/mnh/apa/d/new-york-tiny-and-complete-studio-1500/7694783978.html,Tiny and complete studio! $1500 all utilities included,"$1,500",Upper West Side
https://newyork.craigslist.org/fct/apa/d/stamford-beautiful-700-sq-ft-studio/7694783178.html,Beautiful 700 Sq Ft Studio just steps from campus!,"$1,705",Stamford
https://newyork.craigslist.org/fct/apa/d/stamford-this-deal-wont-last-long/7694783056.html,"This deal won't last long! Gorgeous 2 bed, 1 bath! Prime location.","$2,069",Stamford
https://newyork.craigslist.org/fct/apa/d/stamford-style-and-luxury-at-residences/7694782953.html,Style and Luxury at Residences on Bedford. 1 bed / 1 bath / 768 sq ft!,"$1,795",Stamford
https://newyork.craigslist.org/que/apa/d/flushing-apartment-ground-floor-bedroom/7694782530.html,Apartment Ground Floor 1 bedroom/Studio,"$1,400",Kew Garden Hills
https://newyork.craigslist.org/brk/apa/d/brooklyn-mod-3br-duplex-two-floors/7694782493.html,MOD 3BR DUPLEX TWO FLOORS SPACE NEAR L TRAIN! Massive space! amazing,"$3,250",Bushwick Ridgewood
https://newyork.craigslist.org/brk/apa/d/brooklyn-big-crown-heights-bed-on/7694781038.html,üåüBig Crown Heights 3 Bed on Nostrand & Eastern Parkway!,"$3,600",Crown Heights
https://newyork.craigslist.org/brk/apa/d/brooklyn-big-crown-heights-bedroom-unit/7694780962.html,üåüBig Crown Heights 1 Bedroom Unit! W/D in Unit!,"$2,450",Crown Heights
https://newyork.craigslist.org/brk/apa/d/brooklyn-spacious-bushwick-bedroom/7694780871.html,üåüSpacious Bushwick 2 Bedroom! Prime Location! No Fee,"$2,800",Bushwick
https://newyork.craigslist.org/brk/apa/d/brooklyn-awesome-williamsburg-bed/7694780782.html,üåüAwesome Williamsburg 1 Bed Duplex! Luxury Building! Tons of Closet Space!,"$3,800",Williamsburg
https://newyork.craigslist.org/brk/apa/d/brooklyn-perfect-king-sized-bedroom/7694780698.html,üåüA Perfect king Sized 3 Bedroom Apartment in Crown Heights!,"$3,350",Brooklyn
https://newyork.craigslist.org/brk/apa/d/brooklyn-out-of-this-world-williamsburg/7694780561.html,üåüOut of this World Williamsburg 4 Bed with Massive Living Space!,"$6,500",Williamsburg
https://newyork.craigslist.org/brk/apa/d/brooklyn-williamsburg-bed-with-private/7694780327.html,üåüWilliamsburg 3 Bed with Private Backyard! 1 Block from L Train! $4500 No Fee,"$4,500",Williamsburg
https://newyork.craigslist.org/mnh/apa/d/new-york-huge-les-bedroom-a-separate/7694780392.html,üåüHuge LES 1 Bedroom w/ a Separate Loft Space!,"$3,500",New York
https://newyork.craigslist.org/brk/apa/d/brooklyn-bed-with-private-backyard-in/7694780462.html,üåü2 Bed with Private Backyard in Flatbush!,"$2,700",Brooklyn
https://newyork.craigslist.org/que/apa/d/brooklyn-new-bushwick-bed-bath-private/7694780254.html,üåüNew Bushwick 2 Bed 2 Bath w/ Private Backyard & w/D in Unit!,"$3,500",Bushwick
https://newyork.craigslist.org/brk/apa/d/brooklyn-bedroom-elevator-balcony/7694779820.html,"1 Bedroom W/ Elevator,  Balcony, Dishwasher, Granite Countertops","$2,900",Flatbush
https://newyork.craigslist.org/brk/apa/d/brooklyn-bushwick-bed/7694779513.html,Bushwick 2 Bed!,"$2,750",Bushwick
https://newyork.craigslist.org/brk/apa/d/brooklyn-bedroom-with-hardwood-floors/7694778981.html,1 Bedroom with Hardwood Floors Bay Ridge,"$1,800",Bay Ridge
https://newyork.craigslist.org/brk/apa/d/brooklyn-studio-hardwood-floors-intercom/7694778535.html,"Studio W/ Hardwood Floors, Intercom","$2,100",Boerum Hill
https://newyork.craigslist.org/mnh/sha/d/fall-winter-housing-available-free/7692329741.html,Fall/Winter Housing  Available!! Free/Reduced rent .......,$0,Chinatown / Lit Italy
https://newyork.craigslist.org/brk/apa/d/brooklyn-bedroom-flex-rail-road-in/7694777760.html,1 bedroom / 2 flex rail road in bushwick! L and M train at myrtle-wyckoff,"$2,500",Brooklyn
https://newyork.craigslist.org/brk/apa/d/brooklyn-bedroom-hardwood-floors/7694777651.html,"1 Bedroom W/ Hardwood Floors, Exposed Brick, Eat-in-Kitchen","$2,950",Cobble Hill
https://newyork.craigslist.org/brk/apa/d/west-new-york-bedroom-office-dishwasher/7694777160.html,"3 Bedroom + Office W/ Dishwasher, Hardwood Floors, Ceiling Fan","$2,500",Weehawken
https://newyork.craigslist.org/brk/apa/d/brooklyn-bedroom-office-hardwood-floors/7694776527.html,1 Bedroom + Office W/ Hardwood Floors & Stainless Steel Appliances,"$2,500",Gowanus
https://newyork.craigslist.org/brk/apa/d/brooklyn-bedroom-hardwood-floors/7694774627.html,1 Bedroom W/ Hardwood Floors & Stainless Steel Appliances,"$1,700",Gravesend
https://newyork.craigslist.org/brk/apa/d/brooklyn-laundry-hw-floors-eat-in/7694774121.html,"W/ Laundry, HW Floors, Eat-In Kitchen & More","$2,100",Bay Ridge
https://newyork.craigslist.org/brk/apa/d/brooklyn-3400-gross-2800-net-bed/7694773624.html,"$3,400 Gross/$2,800 Net - 3 Bed W/ Hardwood Floors,  Kitchen Island","$2,800",Dyker Heights
https://newyork.craigslist.org/que/apa/d/fresh-meadows-fresh-meadows-studios/7694772797.html,FRESH MEADOWS-STUDIOS-PRIVATE HOUSE,"$1,500",FRESH MEADOWS-QUEENS
https://newyork.craigslist.org/jsy/apa/d/west-new-york-bedroom-washer-dryer-hook/7694766588.html,2 Bedroom W/ Washer/Dryer Hook-Up & Newly Renovated Floors,"$2,000",Weehawken
https://newyork.craigslist.org/brk/apa/d/brooklyn-1st-floor-bedroom-bath/7694765922.html,1st floor 2 bedroom 1 bath.,"$2,100",Midwood @ Kingshighway B/Q subway
https://newyork.craigslist.org/que/apa/d/astoria-near-broadway-stop-br-shared/7694762907.html,"Near N Broadway stop! 2 BR w/ shared backyard, ALL utilities included!","$2,595",ASTORIA
https://newyork.craigslist.org/brk/apa/d/brooklyn-stunning-mod-duplex-15-ba/7694761898.html,STUNNING MOD DUPLEX 1.5 BA GORGEOUS SPACE DISHWASHER CENTRAL AC,"$3,200",Bushwick
https://newyork.craigslist.org/brk/apa/d/brooklyn-beautiful-large-renovated-2br/7694761409.html,BEAUTIFUL LARGE RENOVATED 2BR PRIVATE YARD MASSIVE LIVING ROOM GREAT!,"$2,800",Bushwick
https://newyork.craigslist.org/brk/apa/d/brooklyn-studio-washer-and-dryer-roof/7694760650.html,Studio w/ Washer and Dryer Roof Access - Free Storage unit,"$2,450",Prospect Lefferts Gardens `
https://newyork.craigslist.org/brk/apa/d/brooklyn-fabulous-huge-private-yard/7694760193.html,FABULOUS HUGE PRIVATE YARD GARDEN LEVEL LAUNDRY HOOKUP AMAZING 2 BR,"$2,700",BUSHWICK
https://newyork.craigslist.org/que/apa/d/astoria-44th-street-near-broadway-top/7694759181.html,"44th Street near Broadway ! TOP FLOOR , STUNNING 2 bedroom!","$2,500",ASTORIA
https://newyork.craigslist.org/brk/apa/d/brooklyn-no-fee-fully-renovated-proper/7694756257.html,NO fee!- Fully Renovated!-  Proper Williamsburg!- Right by the Sway!,"$3,150",Williamsburg
https://newyork.craigslist.org/brk/apa/d/brooklyn-stylish-bed-bath-in-bushwick/7694756507.html,"STYLISH 1 BED 1 BATH IN BUSHWICK!! PRIVATE PATIO, BLUETOOTH, NO FEE!","$2,600",Bushwick
https://newyork.craigslist.org/mnh/apa/d/new-york-ultra-nice-alcove-studio-elev/7694756085.html,‚ÄúULTRA NICE ALCOVE STUDIO‚Äù ELEV/LNDRY/LIVIN SUPR-SS KI-DW-R-PIC WINDOS,"$2,650",Upper East Side
https://newyork.craigslist.org/brk/apa/d/brooklyn-super-spaciousprivate-backyard/7694754111.html,SUPER SPACIOUSüî•PRIVATE BACKYARDüå≥üå≥,"$2,450",BUSHWICKüìçüëç
https://newyork.craigslist.org/brk/apa/d/brooklyn-bed-elevator-dishwasher/7694753434.html,"2 Bed W/ Elevator, Dishwasher, Laundry, HW Floors,","$2,300",Midwood
https://newyork.craigslist.org/que/apa/d/howard-beach-bedroom-spacious-duplex/7694752701.html,3 Bedroom Spacious  Duplex Apartment,"$2,700",Howard Beach
https://newyork.craigslist.org/mnh/apa/d/new-york-large-brprivate-deckeast/7694752144.html,LARGE 1 BR_PRIVATE DECK_EAST VILLAGE_HOTTEST LISTING_NEAR NYU,"$2,695",East Village
https://newyork.craigslist.org/brk/apa/d/brooklyn-bedroom-office-eat-in-kitchen/7694751955.html,"2 Bedroom + Office W/ Eat-In Kitchen, Granite Countertops,","$2,300",Dyker Heights
https://newyork.craigslist.org/stn/apa/d/staten-island-commercial-space-in-the/7694750567.html,Commercial Space in the West Brighton,"$2,500",Staten Island
https://newyork.craigslist.org/brk/apa/d/brooklyn-brand-new-luxury-amenity/7694750515.html,Brand NEW Luxury Amenity Building,"$3,511",Bedford-Stuyvesant
https://newyork.craigslist.org/brk/apa/d/brooklyn-bed-stainless-steel-appl/7694750044.html,"2 Bed W/ Stainless Steel Appl., Hardwood Floors, Granite Countertops","$2,700",Greenwood
https://newyork.craigslist.org/brk/apa/d/brooklyn-one-room-prime-bushwick/7694749695.html,ONE ROOM - PRIME BUSHWICK - JANUARY 1ST,"$1,300",Brooklyn
https://newyork.craigslist.org/brk/apa/d/brooklyn-ground-floor-renovated-one/7694749118.html,Ground Floor Renovated One Bedroom,"$2,950",Prospect Heights
https://newyork.craigslist.org/mnh/apa/d/beautiful-private-backyard-no-stairs/7694746241.html,Beautiful private backyard! No stairs! Laundry in building!,"$1,950",East Harlem
https://newyork.craigslist.org/fct/apa/d/bridgeport-bedroom-attic-apt-recently/7694745768.html,2 bedroom attic apt recently renovated,"$1,850",Bridgeport
https://newyork.craigslist.org/mnh/apa/d/new-york-brand-new-br-duplex-with/7694730895.html,üß±Brand New 2 BR Duplex with Private yard 1 Block From Central Parküå≥,"$6,700",Upper West Side
https://newyork.craigslist.org/brk/apa/d/brooklyn-studio-in-the-sunset-park-area/7694743932.html,Studio in the Sunset Park area W Hardwood Floors,"$1,700",Sunset Park
https://newyork.craigslist.org/brk/apa/d/brooklyn-bedroom-in-the-sunset-park/7694742539.html,1 Bedroom in the Sunset Park area W/ Hardwood Floors,"$1,700",Sunset Park
https://newyork.craigslist.org/brk/apa/d/brooklyn-bedroom-in-the-bensonhurst/7694741929.html,2 Bedroom in the Bensonhurst area W/ Ceiling Fan,"$2,300",Bensonhurst
https://newyork.craigslist.org/brk/apa/d/brooklyn-bedroom-office-washer-dryer/7694741328.html,"3 Bedroom + Office W/ Washer/Dryer, Dishwasher, Central Air","$3,000",Kensington
https://newyork.craigslist.org/brk/apa/d/brooklyn-bedroom-dishwasher-hardwood/7694740601.html,"1 Bedroom W/ Dishwasher, Hardwood Floors, Jacuzzi","$2,395",Carroll Gardens
https://newyork.craigslist.org/brk/apa/d/brooklyn-rent-stabilized-bed-gem/7694738808.html,RENT STABILIZED 1 BED GEM!!,"$2,267",Bushwick
https://newyork.craigslist.org/brk/apa/d/brooklyn-12-month-fully-furnished/7694737717.html,"3-12 Month Fully Furnished Brownstone*Dishwasher, Washer & dryer*G","$3,300",Weeksville
https://newyork.craigslist.org/brx/apa/d/bronx-extremely-massive-bedroom-top/7694737412.html,Extremely MASSIVE 1 Bedroom Top Location,"$1,900",Pelham Bay
https://newyork.craigslist.org/mnh/apa/d/new-york-huge-newly-renovated-apartment/7694736363.html,Huge newly renovated apartment! Elevator building! Private balcony!,"$2,450",Harlem / Morningside
https://newyork.craigslist.org/mnh/apa/d/enormous-split-wing-two-bedroom-for-the/7694735617.html,Enormous Split wing two bedroom for the ultimate in privacy!,"$2,650",Harlem / Morningside
https://newyork.craigslist.org/mnh/apa/d/new-york-private-terrace-on-wall-street/7694733071.html,"Private Terrace on Wall Street *+* Just Reduced *+* Steps from 2, 3, J","$3,375",Financial District
https://newyork.craigslist.org/brk/apa/d/brooklyn-beautiful-top-floor-in-unit/7694732687.html,BEAUTIFUL TOP FLOOR IN UNIT LAUNDRY SKYLIGHT QUEEN SIZED ROOMS YAYYYYY,"$3,400",Bed Stuy Bushwick border
https://newyork.craigslist.org/mnh/apa/d/new-york-brand-new-br-aptgreat-dealmust/7694732007.html,BRAND NEW 1 BR APT_GREAT DEAL_MUST SEE_Will not last,"$2,225",Harlem / Morningside
https://newyork.craigslist.org/brk/apa/d/brooklyn-recently-renovated-bed-right/7694731858.html,Recently Renovated 2 bed right off the LüöÜ in Prime Bushwick,"$2,700","Bushwick, Brooklyn"
https://newyork.craigslist.org/brk/apa/d/brooklyn-simple-studio-in-crown-heights/7694731664.html,Simple Studio in Crown Heights üèÅ Heat included! üî•,"$1,800",Brooklyn
https://newyork.craigslist.org/brk/apa/d/br-massive-private-terrace-on-historic/7694731566.html,1 BR w/Massive Private terraceüå≤ on Historic Landmark Blocküß±,"$2,700","Bed Stuy, Brooklyn"
https://newyork.craigslist.org/brk/apa/d/brooklyn-brand-new-luxury-bed-15-bath/7694731337.html,**BRAND NEW LUXURY 2 BED/ 1.5 BATH APT IN PLG**NO FEE**,"$2,999",Prospect Lefferts Gardens
https://newyork.craigslist.org/brk/apa/d/brooklyn-beautifully-finished-1br-in/7694730606.html,"‚òÄÔ∏èBeautifully Finished 1BR in Gorgeous Limestone, blocks from A/C üëë","$2,500","Crown Heights, Brooklyn"
https://newyork.craigslist.org/brk/apa/d/brooklyn-room-in-2bdrm-apartment/7694730502.html,Room in 2bdrm apartment,"$1,350",Bedstuy
https://newyork.craigslist.org/brk/apa/d/brooklyn-urban-delightcharming-duplex/7694729289.html,URBAN DELIGHTüî•CHARMING DUPLEXüòç,"$3,000",CROWN HEIGHTS üìçüìçüî•üî•
https://newyork.craigslist.org/mnh/apa/d/new-york-brand-new-light-filled-1bed/7694729096.html,"üèÜBrand New Light-Filled 1bed /1bath Condo with W/D in Unit , 15Floor","$5,650",Midtown East
https://newyork.craigslist.org/mnh/apa/d/new-york-months-free-flex/7694727810.html,2 MONTHS FREE/ FLEX 2,"$3,378",Midtown West
https://newyork.craigslist.org/brk/apa/d/brooklyn-large-bright-2br-unit-on-ocean/7694726711.html,Large Bright 2BR unit on Ocean Pkwy,"$2,300",Kensington
https://newyork.craigslist.org/mnh/apa/d/new-york-gorgeous-duplex-br-east-63hot/7694724555.html,GORGEOUS DUPLEX 2 BR-EAST 63_HOT DEAL_LAUNDRY ELEVATOR,"$3,000",Upper East Side
https://newyork.craigslist.org/brk/apa/d/brooklyn-prime-williamsburg-apt-amazing/7694724528.html,PRIME WILLIAMSBURG APT üî• AMAZING LOCATION! TONS OF AMENITIES üèÅ‚ö°Ô∏è,"$5,300",Brooklyn
https://newyork.craigslist.org/brk/apa/d/brooklyn-crown-heights-renovated/7694724080.html,Crown Heights Renovated 3 Bedroom 1.5 Bathroom,"$2,900",Crown Heights
https://newyork.craigslist.org/que/apa/d/south-richmond-hill-lower-level/7694722985.html,Lower level apartment for rent $1400,"$1,400",South Richmond Hill
https://newyork.craigslist.org/que/apa/d/astoria-bed-bath-luxury-building-brand/7694722205.html,3 Bed/2 Bath--Luxury Building--Brand New--Pvt Terrace,"$3,893",Long island city
https://newyork.craigslist.org/brk/apa/d/brooklyn-bed-backyard-bushwick-bedstuy/7694721986.html,2 BED + BACKYARD üå≥üò≠üî• BUSHWICK/BEDSTUY BORDER üöä,"$2,700",Brooklyn
https://newyork.craigslist.org/brk/apa/d/brooklyn-rare-duplex-with-huge-private/7694720433.html,Rare Duplex with Huge Private Yard,"$3,250",Brooklyn
https://newyork.craigslist.org/mnh/apa/d/new-york-prime-les-gorgeous-floor/7694720597.html,"Prime LES, GORGEOUS floor-through loft, video in ad","$3,299",Lower East Side
https://newyork.craigslist.org/que/apa/d/astoria-private-terrace-bed-bath-luxury/7694720606.html,Private Terrace-- 2 Bed/2 Bath--Luxury--$800 Gift Card--No Fee,"$3,892",Astoria
https://newyork.craigslist.org/stn/apa/d/staten-island-bedroom-apt-for-rent-2400/7694720321.html,3 Bedroom Apt for Rent $2400 Bay Terrace 10306,"$2,400","BayTerrace, Staten Island"
https://newyork.craigslist.org/lgi/apa/d/great-neck-renovated-furnished-large/7694720203.html,"Renovated, Furnished Large Studio+Basement, ALL INCL, no fees","$1,450",Great Neck/NASSAU-QUEENS BORDER
https://newyork.craigslist.org/brk/apa/d/brooklyn-bushwick-bed-with-tons-of/7694719835.html,Bushwick 3 bed with TONS of Natural Light ‚òÄÔ∏è,"$3,200",Brooklyn
https://newyork.craigslist.org/brk/apa/d/brooklyn-cozy-room-only-for-rent-shared/7694717861.html,COZY ROOM ONLY FOR RENT! SHARED KITCHEN & BATHROOM*CLOSE TO SHOPS,"$1,000",EAST NEW YORK
https://newyork.craigslist.org/brk/apa/d/brooklyn-room-only-shared-kitchen/7694714508.html,ROOM ONLY! SHARED KITCHEN & BATHROOM,$950,PROSPECT PARK LEFFERTS GARDENS
https://newyork.craigslist.org/mnh/roo/d/new-york-amazing-corporate-housing/7694701899.html,Amazing Corporate Housing Studio Fully Furnished Union SQ,"$2,500",Union Square
https://newyork.craigslist.org/brk/apa/d/brooklyn-renovatedspacious-bedroom/7694712858.html,Renovated*Spacious 2 Bedroom* Close to Shops and Trains,"$2,300",EAST FLATBUSH
https://newyork.craigslist.org/brk/apa/d/brooklyn-brand-new/7694712069.html,BRAND NEW APPLIANCES*SPACIOUS*NEWLY RENOVATED*CLOSE TO SHOPS!,"$2,200",EAST FLATBUSH
https://newyork.craigslist.org/brk/apa/d/brooklyn-room-only-for-rent-shared/7694711039.html,ROOM ONLY FOR RENT! SHARED KITCHEN & BATHROOM*CLOSE TO SHOPS,$900,PROSPECT LEFFERTS GARDENS
https://newyork.craigslist.org/mnh/sub/d/new-york-amazing-corporate-housing-stdo/7694697311.html,Amazing Corporate Housing Stdo Fully Furnished Steps to Central Park,"$2,400",Upper West Side
https://newyork.craigslist.org/mnh/roo/d/new-york-amazing-corporate-housing-stdo/7694700718.html,Amazing Corporate Housing Stdo Fully Furnished Steps to Central Park,"$2,400",New York
https://newyork.craigslist.org/que/apa/d/jackson-heights-bello-grande/7694705183.html,Bello y grande Apartamento 3 dorm/1.5 bath 79st,"$3,500",79st Jackson Heihgts Queens  NY
https://newyork.craigslist.org/mnh/apa/d/new-york-rare-findbelow-the-market/7694705071.html,RARE FIND_BELOW THE MARKET PRICE-HUGE 2 BR-ELEVATOR LAUNDRY,"$2,650",Upper East Side
https://newyork.craigslist.org/mnh/apa/d/airy-east-village-1br-lease-takeover-15/7694701744.html,Airy East Village 1BR! - Lease Takeover (1/15 or Later),"$4,000",East Village
https://newyork.craigslist.org/que/apa/d/astoria-renovated-bed-home-office/7694700826.html,Renovated 2 Bed + Home Office w/ Laundry in Unit *Astoria* Near N & W,"$3,200",Astoria / Ditmars Astoria
https://newyork.craigslist.org/mnh/vac/d/new-york-amazing-corporate-housing/7694698637.html,Amazing Corporate Housing Studio Fully Furnished Union SQ,"$2,500",Union Square
https://newyork.craigslist.org/brk/apa/d/brooklyn-huge-bed-bath-apts-in-bedstuy/7694699869.html,ü§óHuge 5 bed 2 bath apts in Bedstuy. Laundry in unitü§ó,"$4,300",Bedstuy
https://newyork.craigslist.org/brk/apa/d/brooklyn-bed-bath-d-in-unit-heart-of/7694699837.html,4 Bed 2 bath W/d In unit heart of bedstuy close to J line,"$3,400",Bedstuy
https://newyork.craigslist.org/brx/apa/d/bronx-amazing-jr-apartment/7694698102.html,Amazing Jr-4 apartment,"$2,290",Riverdale
https://newyork.craigslist.org/mnh/apa/d/new-york-amazing-studiojust-hit-the/7694698841.html,"AMAZING STUDIO,JUST HIT THE MARKET!","$2,300",Murray Hill
https://newyork.craigslist.org/brk/apa/d/brooklyn-stunning-sunkissed-bed-bath/7694698081.html,‚ú®‚ú®Stunning sunkissed 4 bed 2  bath apt in Clinton Hill ‚ú®‚ú®,"$5,100",Clinton Hill
https://newyork.craigslist.org/stn/apa/d/staten-island-bright-extra-large-studio/7694697646.html,"Bright, Extra Large Studio","$1,250","Staten Island, Grant City"
https://newyork.craigslist.org/mnh/sub/d/new-york-amazing-corporate-housing/7694694957.html,Amazing Corporate Housing Studio Fully Furnished Union SQ,"$2,500",Union Square
https://newyork.craigslist.org/mnh/apa/d/new-york-only2600true-brnewly/7694696341.html,ONLY$2600_TRUE 2 BR_NEWLY RENOVATED_LAUNDRY_ELEVATOR_ABSOLUTE DEAL,"$2,600",Harlem / Morningside
https://newyork.craigslist.org/brk/apa/d/brooklyn-renovated-bed-1bath-private/7694696106.html,Renovated 3 Bed. 1Bath Private House,"$2,300",Bensonhurst/Dyker Heights/Gravesend/Sheepshead Bay/Bay Ridge
https://newyork.craigslist.org/lgi/apa/d/holtsville-beautiful-bedroom-available/7694695970.html,Beautiful 3 bedroom available Patchogue,"$3,650",Patchogue
https://newyork.craigslist.org/mnh/apa/d/new-york-no-fee-bedroom-with-laundry/7694694567.html,"NO FEE 3 bedroom with laundry , gym , roofdeck in doorman building","$5,900",East Village
https://newyork.craigslist.org/brk/apa/d/brooklyn-live-work-lofthigh/7694694963.html,____LIVE WORK LOFT____High Ceiling's_______Laundry______Roof Aceess___,"$2,200",WILLIAMSBURG right @ L train JEFFERSON STOP_________________
https://newyork.craigslist.org/brk/apa/d/brooklyn-brand-new-large-bedroom-in/7694693069.html,Brand new large 2 bedroom in prime Flatbush!,"$2,750",Brooklyn
https://newyork.craigslist.org/que/apa/d/long-island-city-long-island-city/7694692834.html,LONG ISLAND CITY-COMPLETE HOUSE,"$5,300",LONG ISLAND CITY - ASTORIA - QUEENS
https://newyork.craigslist.org/brk/apa/d/brooklyn-monster-bed-on-franklin-ave/7694692714.html,**MONSTER 1 BED ON FRANKLIN AVE!! DEAL!!!!,"$2,995",brooklyn
https://newyork.craigslist.org/mnh/apa/d/new-york-superb-west-vil-xl-1br-dw-yard/7694692147.html,"Superb West Vil XL 1br, DW, yard, gorgeous!","$4,895",West Village
https://newyork.craigslist.org/que/apa/d/forest-hills-huge-updated-studio-in/7694690476.html,Huge updated studio in a classic prewar building,"$1,850",Forest Hills
https://newyork.craigslist.org/brk/apa/d/brooklyn-the-clocktower-at-the-saint/7694689513.html,The Clocktower at The Saint Marks,"$6,500",Bushwick
https://newyork.craigslist.org/mnh/apa/d/new-york-nice-bedroom-apt-for-rent/7694689168.html,Nice 1 bedroom apt for rent.,"$2,200",East Harlem
https://newyork.craigslist.org/mnh/apa/d/new-york-east-village-luxury-renovated/7694684131.html,East Village Luxury Renovated 3BD w/ Balcony - DM Roof Deck GYM,"$5,800",East Village
https://newyork.craigslist.org/que/apa/d/south-richmond-hill-beautiful-newly/7694586348.html,Beautiful newly renovated üè† 3 bedroom 2 bathroomüéàüéàüéà,"$3,000",South Richmond hill
https://newyork.craigslist.org/que/apa/d/jamaica-700-room-and-800-room-for-rent/7694639925.html,$700 room and $800 room for rent!!!,$700,Queens
https://newyork.craigslist.org/brk/apa/d/brooklyn-duplex-br-apt-in-bay-ridge/7694651831.html,DUPLEX 1 BR APT IN BAY RIDGE,"$2,400",BAYRIDGE.BROOKLYN
https://newyork.craigslist.org/brk/apa/d/brooklyn-d-in-unitsuper-large4-bed-bath/7694677455.html,W/D IN UNITüß∫SUPER LARGEü§©4 BED 2 BATHüõÅ,"$3,400",BEDFORD STUYVESANT
https://newyork.craigslist.org/mnh/apa/d/new-york-sun-soaked-studio-with-private/7694677058.html,SUN SOAKED STUDIO WITH PRIVATE BALCONY IN FIDI!! NO FEE!!,"$3,482",Financial District
https://newyork.craigslist.org/brk/apa/d/brooklyn-cityfheps-ok-showing-4pm-few/7694676888.html,CITYFHEPS OK SHOWING 4PM - FEW MINS TO TRAIN - SAME DAY APPROVAL,"$3,300",Brooklyn
https://newyork.craigslist.org/mnh/apa/d/new-york-huge-renovated-rent-stablized/7694673464.html,Huge Renovated RENT STABLIZED 1 BDRM- E;v&Lndy-North Chelsea-W 29 ST.,"$3,231",Chelsea
https://newyork.craigslist.org/mnh/apa/d/new-york-gorgeous-studio-apartment/7694673131.html,GORGEOUS STUDIO APARTMENT MIDTOWN EAST. CONDO BUILDING,"$3,000",Midtown East
https://newyork.craigslist.org/brk/apa/d/brooklyn-crown-heights-15br-15ba-duplex/7694671669.html,CROWN HEIGHTS - 1.5Br/1.5ba Duplex w/Private Backyard - Laundry,"$3,345",Crown Heights
https://newyork.craigslist.org/brk/apa/d/brooklyn-stunning-luxury-bed-bath/7694670290.html,**STUNNING LUXURY 3 BED/ 2 BATH DUPLEX IN PLG**NO FEE**,"$4,125",Prospect Lefferts Gardens
https://newyork.craigslist.org/mnh/apa/d/new-york-flex-harder-than-terry-crews/7694668636.html,Flex harder than Terry Crews,"$2,600",Financial District
https://newyork.craigslist.org/que/apa/d/east-elmhurst-massive-bed-15-bath-all/7694666307.html,------MASSIVE 2 BED 1.5 BATH-----ALL UTLITIES INCLUDED-----PRIME ASTOR,"$2,799",Astoria
https://newyork.craigslist.org/mnh/apa/d/new-york-the-upgrade-that-youve-been/7694666080.html,the upgrade that you've been looking for!,"$3,100",Financial District
https://newyork.craigslist.org/brk/apa/d/gowanus-no-fee-1br-1ba-laundry/7694666073.html,"Gowanus No Fee 1br/1ba Laundry, Dishwasher, Exposed Brick","$3,050",Gowanus
https://newyork.craigslist.org/brk/apa/d/brooklyn-rent-stabilized-large-bedroom/7694665474.html,RENT STABILIZED Large 1 bedroom in BEDSTUY,"$2,300",Brooklyn
https://newyork.craigslist.org/que/apa/d/jackson-heights-jackson-heights-bed/7694664551.html,"JACKSON HEIGHTS- 1 BED / 1 BATH - GREAT LOCATION, NEAR SCHOOLS!!!","$2,100",queens
https://newyork.craigslist.org/brk/apa/d/clinton-hill-4br-1ba-weeks-free/7694664191.html,"Clinton Hill 4br/1ba 2 weeks free LargeRooms,Exposed Brick, Dishwasher","$5,100",Clinton Hill
https://newyork.craigslist.org/brk/apa/d/brooklyn-amazing-bed-bath-with-huge/7694663962.html,‚ú®Amazing 2 BED  1 BATH with a huge private yard for a great price!,"$2,700",Bushwick
https://newyork.craigslist.org/brk/apa/d/brooklyn-brand-new-huge-luxury-bedroom/7694662886.html,Brand New HUGE Luxury 3 BEDROOM LOFT!! NO FEE !!,"$9,100",Williamsburg
https://newyork.craigslist.org/brk/apa/d/brooklyn-luxury-large-3br-laundry-gym/7694662267.html,üü¢Luxuryüî¥ LARGE 3BR/LAUNDRY/GYM/GAME ROOM/PARKING J/M/Z TRAIN,"$3,225",Bedstuy
https://newyork.craigslist.org/brk/apa/d/brooklyn-brand-new-luxury-bedroom-loft/7694662212.html,Brand New Luxury 2 BEDROOM LOFT Stunning Views!! NO FEE !!,"$6,700",Williamsburg
https://newyork.craigslist.org/brk/apa/d/brooklyn-brand-new-luxury-bed-loft/7694661629.html,Brand New Luxury 1 Bed LOFT WILLIAMSBURG Stunning Views!! NO FEE !!,"$4,000",Williamsburg
https://newyork.craigslist.org/brk/apa/d/new-york-no-fee-massive-luxury/7694660638.html,NO FEE Massive Luxury Waterfront Williamsburg Penthouse Loft 3 Bed!!!!,"$9,100",Williamsburg
https://newyork.craigslist.org/brk/apa/d/new-york-no-fee-brand-new-stunning/7694660480.html,NO FEE Brand New Stunning Luxury Greenpoint 1 Bedroom!,"$4,308",Greenpoint / Williamsburg
https://newyork.craigslist.org/que/apa/d/maspeth-no-fee-new-25-bed-duplex-huge/7694660022.html,NO FEE!! New 2.5 Bed DUPLEX w/ HUGE BACKYARD & WASHER & DRYER!,"$3,195",Ridgewood / Bushwick
https://newyork.craigslist.org/brk/apa/d/brooklyn-bedstuy-mini-penthousew-in/7694659082.html,"BedStuy mini Penthouse!!W/d in unit, private deck,Dishwsh-1 mo. free!!","$2,783",BedStuy
https://newyork.craigslist.org/brk/apa/d/bedstuy-1br-1ba-elevator-gym-laundry-d/7694657327.html,"BEDSTUY 1Br/1Ba Elevator, Gym, Laundry, W/D in unit 2 months free!!","$3,500",BedStuy
https://newyork.craigslist.org/mnh/apa/d/new-york-no-fee-24h-doorman-free-gym/7694656110.html,"NO FEE 24H doorman + Free Gym ,Lounge ,laundry","$3,000",Financial District
https://newyork.craigslist.org/brk/apa/d/brooklyn-bushwick-huge-loft-space/7694655815.html,BUSHWICK Huge Loft space - Laundry - High Ceilings - 1 month free!,"$4,200",Bushwick
https://newyork.craigslist.org/brk/apa/d/brooklyn-bedstuy-1br-1ba-amenities-d-in/7694653042.html,BEDSTUY 1br/1ba Amenities - W/D in unit-Elevator-Gym-2 Mo. free!!,"$3,700",BedStuy
https://newyork.craigslist.org/mnh/apa/d/new-york-luxury-building-month-free-no/7694650491.html,Luxury Building | 1 MONTH FREE | NO FEE | Elevator | Doorman,"$4,200",Financial District
https://newyork.craigslist.org/brk/apa/d/brooklyn-crown-heights-15br-15ba-duplex/7694648317.html,Crown Heights 1.5br/1.5ba - Duplex near Franklin ave!,"$3,000",Crown Heights
https://newyork.craigslist.org/brk/apa/d/brooklyn-charming-bdrm-office-available/7694647876.html,CHARMING 2 BDRM+ OFFICE AVAILABLE IN BED-STUY!! NO FEE!!ASAP MOVE INüòç,"$2,695",Brooklyn
https://newyork.craigslist.org/brk/apa/d/brooklyn-huge-bdrm-apt-available-in/7694647542.html,HUGE 5 BDRM APT AVAILABLE IN PRIME GREENPOINT!!NO FEE!! GREAT LOCATION,"$5,500",Greenpoint
https://newyork.craigslist.org/brk/apa/d/brooklyn-cheap-bdrm-office-in-bed-stuy/7694647403.html,CHEAP 1 BDRM+ OFFICE IN BED-STUY!! ASAP MOVE IN!!!NO FEEü§©ü§©,"$2,195",Brooklyn
https://newyork.craigslist.org/brk/apa/d/brooklyn-cheap-bdrm-available-in-prime/7694647280.html,üåºCHEAP 2 BDRM AVAILABLE IN PRIME GREENPOINT!! NO FEE!!GREAT LOCATIONüåº,"$3,100",Greenpoint
https://newyork.craigslist.org/brk/apa/d/brooklyn-massive-bdrm-duplex-in-bedstuy/7694647145.html,MASSIVE 5 BDRM DUPLEX IN BEDSTUY!! PRIVATE YARD!! IN UNIT W/D!!NO FEEüåº,"$4,450",Bedstuy
https://newyork.craigslist.org/mnh/apa/d/new-york-chelsea-studio-with-laundry-in/7694646919.html,Chelsea studio with laundry in building,"$3,350",Chelsea
https://newyork.craigslist.org/brk/apa/d/brooklyn-spacious-bed-plus-office-bed/7694645736.html,üî•Spacious 2 bed plus office   bed 2 bath apt in Bushwick near the L train,"$2,900",Bushwick
https://newyork.craigslist.org/brk/apa/d/brooklyn-stunning-bed-bath-apt-in/7694645267.html,ü§©Stunning 3 bed 1 bath apt in Bushwick ‚ú®,"$3,200",Bushwick
https://newyork.craigslist.org/brk/apa/d/brooklyn-bedstuy-2br-2ba-amenities/7694645022.html,BEDSTUY 2br/2ba Amenities - 2 months free - no fee,"$4,500",BedStuy
